no_0,0
no_1,1
intracranial_0,2
intracranial_1,3
hemorrhage_0,4
hemorrhage_1,5
and_0,6
and_1,7
ct_0,8
ct_1,9
evidence_0,10
evidence_1,11
for_0,12
for_1,13
acute_0,14
acute_1,15
infarct_0,16
infarct_1,17
if_0,18
if_1,19
clinical_0,20
clinical_1,21
index_0,22
index_1,23
of_0,24
of_1,25
suspicion_0,26
suspicion_1,27
persists_0,28
persists_1,29
recommend_0,30
recommend_1,31
further_0,32
further_1,33
evaluation_0,34
evaluation_1,35
with_0,36
with_1,37
an_0,38
an_1,39
mri_0,40
mri_1,41
contraindications_0,42
contraindications_1,43
exist_0,44
exist_1,45
cardiopulmonary_0,46
cardiopulmonary_1,47
disease_0,48
disease_1,49
overall_0,50
overall_1,51
change_0,52
change_1,53
compared_0,54
compared_1,55
to_0,56
to_1,57
the_0,58
the_1,59
prior_0,60
prior_1,61
study_0,62
study_1,63
moderate_0,64
moderate_1,65
small_0,66
small_1,67
vessel_0,68
vessel_1,69
several_0,70
several_1,71
lacunar_0,72
lacunar_1,73
infarctions_0,74
infarctions_1,75
involving_0,76
involving_1,77
basal_0,78
basal_1,79
ganglia_0,80
ganglia_1,81
thalamus_0,82
thalamus_1,83
bibasilar_0,84
bibasilar_1,85
atelectasis_0,86
atelectasis_1,87
mild_0,88
mild_1,89
interval_0,90
interval_1,91
bilateral_0,92
bilateral_1,93
old_0,94
old_1,95
infarcts_0,96
infarcts_1,97
chronic_0,98
chronic_1,99
microvascular_0,100
microvascular_1,101
multiple_0,102
multiple_1,103
areas_0,104
areas_1,105
vascular_0,106
vascular_1,107
stenosis_0,108
stenosis_1,109
poststenotic_0,110
poststenotic_1,111
dilatation_0,112
dilatation_1,113
in_0,114
in_1,115
mca_0,116
mca_1,117
territory_0,118
territory_1,119
is_0,120
is_1,121
consistent_0,122
consistent_1,123
known_0,124
known_1,125
history_0,126
history_1,127
vasculitis_0,128
vasculitis_1,129
aneurysm_0,130
aneurysm_1,131
or_0,132
or_1,133
malformation_0,134
malformation_1,135
hemodynamically_0,136
hemodynamically_1,137
significant_0,138
significant_1,139
dissection_0,140
dissection_1,141
intrathoracic_0,142
intrathoracic_1,143
process_0,144
process_1,145
again_0,146
again_1,147
seen_0,148
seen_1,149
are_0,150
are_1,151
middle_0,152
middle_1,153
cerebral_0,154
cerebral_1,155
artery_0,156
artery_1,157
distributions_0,158
distributions_1,159
luminal_0,160
luminal_1,161
irregularity_0,162
irregularity_1,163
a1_0,164
a1_1,165
segments_0,166
segments_1,167
at_0,168
at_1,169
origins_0,170
origins_1,171
posterior_0,172
posterior_1,173
superior_0,174
superior_1,175
cerebellar_0,176
cerebellar_1,177
arteries_0,178
arteries_1,179
as_0,180
as_1,181
described_0,182
described_1,183
infarction_0,184
infarction_1,185
evolving_0,186
evolving_1,187
subacute_0,188
subacute_1,189
left_0,190
left_1,191
frontoparietal_0,192
frontoparietal_1,193
right_0,194
right_1,195
parietal_0,196
parietal_1,197
watershed_0,198
watershed_1,199
territories_0,200
territories_1,201
area_0,202
area_1,203
precentral_0,204
precentral_1,205
gyrus_0,206
gyrus_1,207
cortical_0,208
cortical_1,209
laminar_0,210
laminar_1,211
necrosis_0,212
necrosis_1,213
corona_0,214
corona_1,215
radiata_0,216
radiata_1,217
unchanged_0,218
unchanged_1,219
subcortical_0,220
subcortical_1,221
flair_0,222
flair_1,223
hypointensity_0,224
hypointensity_1,225
gradient_0,226
gradient_1,227
echo_0,228
echo_1,229
blooming_0,230
blooming_1,231
temporal_0,232
temporal_1,233
lobe_0,234
lobe_1,235
coronal_0,236
coronal_1,237
image_0,238
image_1,239
12axial_0,240
12axial_1,241
22_0,242
22_1,243
from_0,244
from_1,245
findings_0,246
findings_1,247
may_0,248
may_1,249
represent_0,250
represent_1,251
microcalcification_0,252
microcalcification_1,253
punctate_0,254
punctate_1,255
round_0,256
round_1,257
foci_0,258
foci_1,259
cerebellum_0,260
cerebellum_1,261
hemispheres_0,262
hemispheres_1,263
a_0,264
a_1,265
peripheral_0,266
peripheral_1,267
distribution_0,268
distribution_1,269
raise_0,270
raise_1,271
possibility_0,272
possibility_1,273
amyloid_0,274
amyloid_1,275
angiopathy_0,276
angiopathy_1,277
ischemic_0,278
ischemic_1,279
involutional_0,280
involutional_1,281
origin_0,282
origin_1,283
proximal_0,284
proximal_1,285
internal_0,286
internal_1,287
carotid_0,288
carotid_1,289
approximately_0,290
approximately_1,291
percent_0,292
percent_1,293
apparent_0,294
apparent_1,295
crescent_0,296
crescent_1,297
t1_0,298
t1_1,299
hyperintensity_0,300
hyperintensity_1,301
on_0,302
on_1,303
fat_0,304
fat_1,305
saturated_0,306
saturated_1,307
axial_0,308
axial_1,309
sequences_0,310
sequences_1,311
focal_0,312
focal_1,313
ultrasound_0,314
ultrasound_1,315
correlation_0,316
correlation_1,317
this_0,318
this_1,319
level_0,320
level_1,321
bifurcation_0,322
bifurcation_1,323
should_0,324
should_1,325
be_0,326
be_1,327
well_0,328
well_1,329
visualized_0,330
visualized_1,331
sonographically_0,332
sonographically_1,333
pa_0,334
pa_1,335
hoelzer_0,336
hoelzer_1,337
informed_0,338
informed_1,339
time_0,340
time_1,341
dictation_0,342
dictation_1,343
read_0,344
read_1,345
back_0,346
back_1,347
above_0,348
above_1,349
otherwise_0,350
otherwise_1,351
examination_0,352
examination_1,353
free_0,354
free_1,355
air_0,356
air_1,357
beneath_0,358
beneath_1,359
diaphragm_0,360
diaphragm_1,361
gas_0,362
gas_1,363
distended_0,364
distended_1,365
loops_0,366
loops_1,367
bowel_0,368
bowel_1,369
within_0,370
within_1,371
mid_0,372
mid_1,373
abdomen_0,374
abdomen_1,375
there_0,376
there_1,377
dilated_0,378
dilated_1,379
loop_0,380
loop_1,381
measuring_0,382
measuring_1,383
3_0,384
3_1,385
9_0,386
9_1,387
cm_0,388
cm_1,389
more_0,390
more_1,391
distally_0,392
distally_1,393
region_0,394
region_1,395
rectum_0,396
rectum_1,397
therefore_0,398
therefore_1,399
low_0,400
low_1,401
concern_0,402
concern_1,403
obstruction_0,404
obstruction_1,405
however_0,406
however_1,407
serial_0,408
serial_1,409
abdominal_0,410
abdominal_1,411
radiographs_0,412
radiographs_1,413
recommended_0,414
recommended_1,415
upright_0,416
upright_1,417
view_0,418
view_1,419
series_0,420
series_1,421
limited_0,422
limited_1,423
concurrently_0,424
concurrently_1,425
available_0,426
available_1,427
chest_0,428
chest_1,429
radiograph_0,430
radiograph_1,431
which_0,432
which_1,433
was_0,434
was_1,435
obtained_0,436
obtained_1,437
same_0,438
same_1,439
dr_0,440
dr_1,441
e_0,442
e_1,443
freiberg_0,444
freiberg_1,445
discussed_0,446
discussed_1,447
over_0,448
over_1,449
telephone_0,450
telephone_1,451
m_0,452
m_1,453
mourad_0,454
mourad_1,455
p_0,456
p_1,457
01_0,458
01_1,459
03_0,460
03_1,461
201_0,462
201_1,463
nonobstructive_0,464
nonobstructive_1,465
pattern_0,466
pattern_1,467
minimal_0,468
minimal_1,469
uncomplicated_0,470
uncomplicated_1,471
colonic_0,472
colonic_1,473
diverticulosis_0,474
diverticulosis_1,475
colitis_0,476
colitis_1,477
normal_0,478
normal_1,479
appendix_0,480
appendix_1,481
mildly_0,482
mildly_1,483
prominent_0,484
prominent_1,485
liver_0,486
liver_1,487
hepatic_0,488
hepatic_1,489
steatosis_0,490
steatosis_1,491
cardiomegaly_0,492
cardiomegaly_1,493
suggest_0,494
suggest_1,495
anemia_0,496
anemia_1,497
case_0,498
case_1,499
moured_0,500
moured_1,501
4_0,502
4_1,503
pm_0,504
pm_1,505
1_0,506
1_1,507
14_0,508
14_1,509
consolidation_0,510
consolidation_1,511
pulmonary_0,512
pulmonary_1,513
congestion_0,514
congestion_1,515
improvement_0,516
improvement_1,517
pleural_0,518
pleural_1,519
effusion_0,520
effusion_1,521
improved_0,522
improved_1,523
aeration_0,524
aeration_1,525
lower_0,526
lower_1,527
lobes_0,528
lobes_1,529
finding_0,530
finding_1,531
placement_0,532
placement_1,533
nasogastric_0,534
nasogastric_1,535
tube_0,536
tube_1,537
tip_0,538
tip_1,539
overlying_0,540
overlying_1,541
gastric_0,542
gastric_1,543
body_0,544
body_1,545
significantly_0,546
significantly_1,547
sided_0,548
sided_1,549
adjacent_0,550
adjacent_1,551
compressive_0,552
compressive_1,553
superimposed_0,554
superimposed_1,555
pneumonia_0,556
pneumonia_1,557
can_0,558
can_1,559
not_0,560
not_1,561
excluded_0,562
excluded_1,563
enteric_0,564
enteric_1,565
distal_0,566
distal_1,567
dedicated_0,568
dedicated_1,569
clinically_0,570
clinically_1,571
indicated_0,572
indicated_1,573
confirm_0,574
confirm_1,575
proper_0,576
proper_1,577
positioning_0,578
positioning_1,579
persistent_0,580
persistent_1,581
pathology_0,582
pathology_1,583
ventricles_0,584
ventricles_1,585
cisterns_0,586
cisterns_1,587
sulci_0,588
sulci_1,589
patient_0,590
patient_1,591
s_0,592
s_1,593
given_0,594
given_1,595
age_0,596
age_1,597
likely_0,598
likely_1,599
represents_0,600
represents_1,601
brain_0,602
brain_1,603
atrophy_0,604
atrophy_1,605
alcoholism_0,606
alcoholism_1,607
60ccs_0,608
60ccs_1,609
serous_0,610
serous_1,611
ascitic_0,612
ascitic_1,613
fluid_0,614
fluid_1,615
removed_0,616
removed_1,617
via_0,618
via_1,619
lowerquadrant_0,620
lowerquadrant_1,621
approach_0,622
approach_1,623
sent_0,624
sent_1,625
analysis_0,626
analysis_1,627
complications_0,628
complications_1,629
by_0,630
by_1,631
motion_0,632
motion_1,633
cavernous_0,634
cavernous_1,635
markedly_0,636
markedly_1,637
evaluated_0,638
evaluated_1,639
definite_0,640
definite_1,641
abnormality_0,642
abnormality_1,643
elsewhere_0,644
elsewhere_1,645
important_0,646
important_1,647
consider_0,648
consider_1,649
repeating_0,650
repeating_1,651
when_0,652
when_1,653
t_0,654
t_1,655
fully_0,656
fully_1,657
cooperate_0,658
cooperate_1,659
absence_0,660
absence_1,661
contrast_0,662
contrast_1,663
enhancement_0,664
enhancement_1,665
would_0,666
would_1,667
limit_0,668
limit_1,669
active_0,670
active_1,671
sarcoid_0,672
sarcoid_1,673
artifact_0,674
artifact_1,675
status_0,676
status_1,677
post_0,678
post_1,679
unsuccessful_0,680
unsuccessful_1,681
lumbar_0,682
lumbar_1,683
puncture_0,684
puncture_1,685
without_0,686
without_1,687
complication_0,688
complication_1,689
noted_0,690
noted_1,691
decreased_0,692
decreased_1,693
central_0,694
central_1,695
hemorrhagic_0,696
hemorrhagic_1,697
collection_0,698
collection_1,699
quantity_0,700
quantity_1,701
ascites_0,702
ascites_1,703
since_0,704
since_1,705
previous_0,706
previous_1,707
slightly_0,708
slightly_1,709
increased_0,710
increased_1,711
density_0,712
density_1,713
question_0,714
question_1,715
partial_0,716
partial_1,717
proteinaceous_0,718
proteinaceous_1,719
component_0,720
component_1,721
obvious_0,722
obvious_1,723
layering_0,724
layering_1,725
hematoma_0,726
hematoma_1,727
cirrhotic_0,728
cirrhotic_1,729
appearing_0,730
appearing_1,731
tips_0,732
tips_1,733
shunt_0,734
shunt_1,735
place_0,736
place_1,737
vertebral_0,738
vertebral_1,739
compression_0,740
compression_1,741
deformities_0,742
deformities_1,743
exam_0,744
exam_1,745
gross_0,746
gross_1,747
lobar_0,748
lobar_1,749
intracerebral_0,750
intracerebral_1,751
extra_0,752
extra_1,753
follow_0,754
follow_1,755
up_0,756
up_1,757
advised_0,758
advised_1,759
appropriate_0,760
appropriate_1,761
successful_0,762
successful_1,763
french_0,764
french_1,765
x_0,766
x_1,767
dual_0,768
dual_1,769
lumen_0,770
lumen_1,771
quinton_0,772
quinton_1,773
catheter_0,774
catheter_1,775
jugular_0,776
jugular_1,777
vein_0,778
vein_1,779
slight_0,780
slight_1,781
increase_0,782
increase_1,783
effusions_0,784
effusions_1,785
greater_0,786
greater_1,787
than_0,788
than_1,789
stable_0,790
stable_1,791
new_0,792
new_1,793
feeding_0,794
feeding_1,795
positioned_0,796
positioned_1,797
residual_0,798
residual_1,799
basilar_0,800
basilar_1,801
linear_0,802
linear_1,803
segment_0,804
segment_1,805
medial_0,806
medial_1,807
multifocal_0,808
multifocal_1,809
versus_0,810
versus_1,811
picc_0,812
picc_1,813
line_0,814
line_1,815
insertion_0,816
insertion_1,817
upper_0,818
upper_1,819
extremity_0,820
extremity_1,821
perma_0,822
perma_1,823
cath_0,824
cath_1,825
through_0,826
through_1,827
tract_0,828
tract_1,829
svc_0,830
svc_1,831
remaining_0,832
remaining_1,833
tubes_0,834
tubes_1,835
lines_0,836
lines_1,837
good_0,838
good_1,839
position_0,840
position_1,841
relatively_0,842
relatively_1,843
volume_0,844
volume_1,845
mostly_0,846
mostly_1,847
perihepatic_0,848
perihepatic_1,849
perisplenic_0,850
perisplenic_1,851
largest_0,852
largest_1,853
pocket_0,854
pocket_1,855
quadrant_0,856
quadrant_1,857
preliminary_0,858
preliminary_1,859
report_0,860
report_1,861
provided_0,862
provided_1,863
pacs_0,864
pacs_1,865
shortly_0,866
shortly_1,867
following_0,868
following_1,869
completion_0,870
completion_1,871
28_0,872
28_1,873
2014_0,874
2014_1,875
correlate_0,876
correlate_1,877
determine_0,878
determine_1,879
whether_0,880
whether_1,881
coiled_0,882
coiled_1,883
nasopharynx_0,884
nasopharynx_1,885
other_0,886
other_1,887
parenchymal_0,888
parenchymal_1,889
retraction_0,890
retraction_1,891
now_0,892
now_1,893
brachiocephalic_0,894
brachiocephalic_1,895
development_0,896
development_1,897
asymmetric_0,898
asymmetric_1,899
associated_0,900
associated_1,901
subjacent_0,902
subjacent_1,903
marked_0,904
marked_1,905
coarsened_0,906
coarsened_1,907
heterogeneous_0,908
heterogeneous_1,909
compatible_0,910
compatible_1,911
cirrhosis_0,912
cirrhosis_1,913
lesion_0,914
lesion_1,915
patent_0,916
patent_1,917
hepatopetal_0,918
hepatopetal_1,919
portal_0,920
portal_1,921
flow_0,922
flow_1,923
demonstrates_0,924
demonstrates_1,925
thick_0,926
thick_1,927
walled_0,928
walled_1,929
gallbladder_0,930
gallbladder_1,931
secondary_0,932
secondary_1,933
contracted_0,934
contracted_1,935
state_0,936
state_1,937
hypoproteinemic_0,938
hypoproteinemic_1,939
states_0,940
states_1,941
cholelithiasis_0,942
cholelithiasis_1,943
biliary_0,944
biliary_1,945
gastrostomy_0,946
gastrostomy_1,947
courses_0,948
courses_1,949
close_0,950
close_1,951
proximity_0,952
proximity_1,953
questionably_0,954
questionably_1,955
perforates_0,956
perforates_1,957
transverse_0,958
transverse_1,959
colon_0,960
colon_1,961
presence_0,962
presence_1,963
pneumoperitoneum_0,964
pneumoperitoneum_1,965
highly_0,966
highly_1,967
concerning_0,968
concerning_1,969
injury_0,970
injury_1,971
rectal_0,972
rectal_1,973
gastrografin_0,974
gastrografin_1,975
uzair_0,976
uzair_1,977
sarmast_0,978
sarmast_1,979
guillaume_0,980
guillaume_1,981
11_0,982
11_1,983
06_0,984
06_1,985
20_0,986
20_1,987
0_0,988
0_1,989
mass_0,990
mass_1,991
like_0,992
like_1,993
inferior_0,994
inferior_1,995
mr_0,996
mr_1,997
terminating_0,998
terminating_1,999
antrum_0,1000
antrum_1,1001
non_0,1002
non_1,1003
obstructive_0,1004
obstructive_1,1005
removal_0,1006
removal_1,1007
exclusion_0,1008
exclusion_1,1009
pelvis_0,1010
pelvis_1,1011
exact_0,1012
exact_1,1013
location_0,1014
location_1,1015
gi_0,1016
gi_1,1017
system_0,1018
system_1,1019
confirmed_0,1020
confirmed_1,1021
could_0,1022
could_1,1023
performed_0,1024
performed_1,1025
localization_0,1026
localization_1,1027
rounded_0,1028
rounded_1,1029
coil_0,1030
coil_1,1031
structure_0,1032
structure_1,1033
indeterminate_0,1034
indeterminate_1,1035
etiology_0,1036
etiology_1,1037
possible_0,1038
possible_1,1039
septations_0,1040
septations_1,1041
peritonitis_0,1042
peritonitis_1,1043
hilar_0,1044
hilar_1,1045
edema_0,1046
edema_1,1047
lung_0,1048
lung_1,1049
base_0,1050
base_1,1051
heart_0,1052
heart_1,1053
size_0,1054
size_1,1055
limits_0,1056
limits_1,1057
technically_0,1058
technically_1,1059
diagnostic_0,1060
diagnostic_1,1061
paracentesis_0,1062
paracentesis_1,1063
immediate_0,1064
immediate_1,1065
postprocedure_0,1066
postprocedure_1,1067
ij_0,1068
ij_1,1069
subsegmental_0,1070
subsegmental_1,1071
calcified_0,1072
calcified_1,1073
mediastinal_0,1074
mediastinal_1,1075
lymph_0,1076
lymph_1,1077
nodes_0,1078
nodes_1,1079
sarcoidosis_0,1080
sarcoidosis_1,1081
splenic_0,1082
splenic_1,1083
granulomata_0,1084
granulomata_1,1085
splenomegaly_0,1086
splenomegaly_1,1087
g_0,1088
g_1,1089
stomach_0,1090
stomach_1,1091
under_0,1092
under_1,1093
distention_0,1094
distention_1,1095
opacifications_0,1096
opacifications_1,1097
intraperitoneal_0,1098
intraperitoneal_1,1099
pneumatosis_0,1100
pneumatosis_1,1101
severe_0,1102
severe_1,1103
tricompartmental_0,1104
tricompartmental_1,1105
osteoarthrosis_0,1106
osteoarthrosis_1,1107
knee_0,1108
knee_1,1109
chondrocalcinosis_0,1110
chondrocalcinosis_1,1111
worse_0,1112
worse_1,1113
perhaps_0,1114
perhaps_1,1115
august_0,1116
august_1,1117
territorial_0,1118
territorial_1,1119
imaging_0,1120
imaging_1,1121
long_0,1122
long_1,1123
portion_0,1124
portion_1,1125
peg_0,1126
peg_1,1127
extravasation_0,1128
extravasation_1,1129
flexion_0,1130
flexion_1,1131
2nd_0,1132
2nd_1,1133
5th_0,1134
5th_1,1135
metacarpophalangeal_0,1136
metacarpophalangeal_1,1137
interphalangeal_0,1138
interphalangeal_1,1139
joints_0,1140
joints_1,1141
contracture_0,1142
contracture_1,1143
degenerative_0,1144
degenerative_1,1145
changes_0,1146
changes_1,1147
wrist_0,1148
wrist_1,1149
triscaphe_0,1150
triscaphe_1,1151
joint_0,1152
joint_1,1153
large_0,1154
large_1,1155
sized_0,1156
sized_1,1157
june_0,1158
june_1,1159
underlying_0,1160
underlying_1,1161
ruled_0,1162
ruled_1,1163
out_0,1164
out_1,1165
all_0,1166
all_1,1167
only_0,1168
only_1,1169
single_0,1170
single_1,1171
fracture_0,1172
fracture_1,1173
arthrosis_0,1174
arthrosis_1,1175
bone_0,1176
bone_1,1177
humerus_0,1178
humerus_1,1179
has_0,1180
has_1,1181
mottled_0,1182
mottled_1,1183
appearance_0,1184
appearance_1,1185
metabolic_0,1186
metabolic_1,1187
disorder_0,1188
disorder_1,1189
but_0,1190
but_1,1191
consideration_0,1192
consideration_1,1193
additional_0,1194
additional_1,1195
continued_0,1196
continued_1,1197
exchange_0,1198
exchange_1,1199
nor_0,1200
nor_1,1201
traumatic_0,1202
traumatic_1,1203
paranasal_0,1204
paranasal_1,1205
sinus_0,1206
sinus_1,1207
frontal_0,1208
frontal_1,1209
anterior_0,1210
anterior_1,1211
ethmoid_0,1212
ethmoid_1,1213
maxillary_0,1214
maxillary_1,1215
sinuses_0,1216
sinuses_1,1217
hyperdense_0,1218
hyperdense_1,1219
opacified_0,1220
opacified_1,1221
reflect_0,1222
reflect_1,1223
inspissated_0,1224
inspissated_1,1225
secretions_0,1226
secretions_1,1227
addition_0,1228
addition_1,1229
questionable_0,1230
questionable_1,1231
bony_0,1232
bony_1,1233
erosion_0,1234
erosion_1,1235
posteromedial_0,1236
posteromedial_1,1237
wall_0,1238
wall_1,1239
extension_0,1240
extension_1,1241
soft_0,1242
soft_1,1243
tissue_0,1244
tissue_1,1245
into_0,1246
into_1,1247
nasal_0,1248
nasal_1,1249
passageway_0,1250
passageway_1,1251
followup_0,1252
followup_1,1253
6_0,1254
6_1,1255
mm_0,1256
mm_1,1257
subcutaneous_0,1258
subcutaneous_1,1259
nodule_0,1260
nodule_1,1261
scalp_0,1262
scalp_1,1263
possibly_0,1264
possibly_1,1265
sebaceous_0,1266
sebaceous_1,1267
cyst_0,1268
cyst_1,1269
direct_0,1270
direct_1,1271
inspection_0,1272
inspection_1,1273
advanced_0,1274
advanced_1,1275
excessive_0,1276
excessive_1,1277
noise_0,1278
noise_1,1279
lack_0,1280
lack_1,1281
intravenous_0,1282
intravenous_1,1283
especially_0,1284
especially_1,1285
pancreas_0,1286
pancreas_1,1287
hepatomegaly_0,1288
hepatomegaly_1,1289
fibrosis_0,1290
fibrosis_1,1291
demonstrated_0,1292
demonstrated_1,1293
thickening_0,1294
thickening_1,1295
sonographic_0,1296
sonographic_1,1297
murphy_0,1298
murphy_1,1299
sign_0,1300
sign_1,1301
incidentally_0,1302
incidentally_1,1303
ring_0,1304
ring_1,1305
down_0,1306
down_1,1307
emanating_0,1308
emanating_1,1309
suggesting_0,1310
suggesting_1,1311
adenomyomatosis_0,1312
adenomyomatosis_1,1313
negative_0,1314
negative_1,1315
sonogram_0,1316
sonogram_1,1317
specifically_0,1318
specifically_1,1319
18_0,1320
18_1,1321
medical_0,1322
medical_1,1323
social_0,1324
social_1,1325
noncontrast_0,1326
noncontrast_1,1327
head_0,1328
head_1,1329
angio_0,1330
angio_1,1331
neck_0,1332
neck_1,1333
narrowing_0,1334
narrowing_1,1335
hypoplastic_0,1336
hypoplastic_1,1337
extracranial_0,1338
extracranial_1,1339
dominant_0,1340
dominant_1,1341
angiography_0,1342
angiography_1,1343
circulation_0,1344
circulation_1,1345
bilaterally_0,1346
bilaterally_1,1347
2_0,1348
2_1,1349
laterally_0,1350
laterally_1,1351
oriented_0,1352
oriented_1,1353
outpouching_0,1354
outpouching_1,1355
ica_0,1356
ica_1,1357
although_0,1358
although_1,1359
atherosclerotic_0,1360
atherosclerotic_1,1361
entirely_0,1362
entirely_1,1363
mra_0,1364
mra_1,1365
extensive_0,1366
extensive_1,1367
mucosal_0,1368
mucosal_1,1369
encephalomalacia_0,1370
encephalomalacia_1,1371
gliosis_0,1372
gliosis_1,1373
parieto_0,1374
parieto_1,1375
occipital_0,1376
occipital_1,1377
sequela_0,1378
sequela_1,1379
trauma_0,1380
trauma_1,1381
ex_0,1382
ex_1,1383
vacuo_0,1384
vacuo_1,1385
lateral_0,1386
lateral_1,1387
ventricle_0,1388
ventricle_1,1389
horn_0,1390
horn_1,1391
dislocation_0,1392
dislocation_1,1393
radiographic_0,1394
radiographic_1,1395
related_0,1396
related_1,1397
appears_0,1398
appears_1,1399
intermittent_0,1400
intermittent_1,1401
clinoid_0,1402
clinoid_1,1403
osteomyelitis_0,1404
osteomyelitis_1,1405
sizeable_0,1406
sizeable_1,1407
very_0,1408
very_1,1409
markings_0,1410
markings_1,1411
atelectatic_0,1412
atelectatic_1,1413
exclude_0,1414
exclude_1,1415
developing_0,1416
developing_1,1417
infiltrate_0,1418
infiltrate_1,1419
effect_0,1420
effect_1,1421
midline_0,1422
midline_1,1423
shift_0,1424
shift_1,1425
generalized_0,1426
generalized_1,1427
loss_0,1428
loss_1,1429
parenchyma_0,1430
parenchyma_1,1431
expected_0,1432
expected_1,1433
please_0,1434
please_1,1435
convincing_0,1436
convincing_1,1437
malignancy_0,1438
malignancy_1,1439
solitary_0,1440
solitary_1,1441
thyroid_0,1442
thyroid_1,1443
benefit_0,1444
benefit_1,1445
aspiration_0,1446
aspiration_1,1447
bases_0,1448
bases_1,1449
thoracic_0,1450
thoracic_1,1451
esophagus_0,1452
esophagus_1,1453
intraluminal_0,1454
intraluminal_1,1455
probably_0,1456
probably_1,1457
reflux_0,1458
reflux_1,1459
clear_0,1460
clear_1,1461
lungs_0,1462
lungs_1,1463
glands_0,1464
glands_1,1465
predominantly_0,1466
predominantly_1,1467
solid_0,1468
solid_1,1469
studies_0,1470
studies_1,1471
document_0,1472
document_1,1473
stability_0,1474
stability_1,1475
needle_0,1476
needle_1,1477
biopsy_0,1478
biopsy_1,1479
considered_0,1480
considered_1,1481
definitive_0,1482
definitive_1,1483
diagnosis_0,1484
diagnosis_1,1485
feasible_0,1486
feasible_1,1487
due_0,1488
due_1,1489
inability_0,1490
inability_1,1491
nuclear_0,1492
nuclear_1,1493
also_0,1494
also_1,1495
assessment_0,1496
assessment_1,1497
warranted_0,1498
warranted_1,1499
opacity_0,1500
opacity_1,1501
most_0,1502
most_1,1503
suggestive_0,1504
suggestive_1,1505
present_0,1506
present_1,1507
date_0,1508
date_1,1509
guided_0,1510
guided_1,1511
fine_0,1512
fine_1,1513
abscess_0,1514
abscess_1,1515
stated_0,1516
stated_1,1517
inflammation_0,1518
inflammation_1,1519
nonspecific_0,1520
nonspecific_1,1521
cholecystitis_0,1522
cholecystitis_1,1523
hida_0,1524
hida_1,1525
scan_0,1526
scan_1,1527
extrahepatic_0,1528
extrahepatic_1,1529
duct_0,1530
duct_1,1531
function_0,1532
function_1,1533
tests_0,1534
tests_1,1535
choledocholithiasis_0,1536
choledocholithiasis_1,1537
though_0,1538
though_1,1539
portions_0,1540
portions_1,1541
obscured_0,1542
obscured_1,1543
redemonstration_0,1544
redemonstration_1,1545
echotexture_0,1546
echotexture_1,1547
borderline_0,1548
borderline_1,1549
spleen_0,1550
spleen_1,1551
renal_0,1552
renal_1,1553
echogenicity_0,1554
echogenicity_1,1555
hydronephrosis_0,1556
hydronephrosis_1,1557
opacification_0,1558
opacification_1,1559
hypertension_0,1560
hypertension_1,1561
increasing_0,1562
increasing_1,1563
field_0,1564
field_1,1565
nondiagnostic_0,1566
nondiagnostic_1,1567
cervical_0,1568
cervical_1,1569
spine_0,1570
spine_1,1571
ray_0,1572
ray_1,1573
seizures_0,1574
seizures_1,1575
pneumothorax_0,1576
pneumothorax_1,1577
somewhat_0,1578
somewhat_1,1579
portable_0,1580
portable_1,1581
technique_0,1582
technique_1,1583
recent_0,1584
recent_1,1585
surgical_0,1586
surgical_1,1587
wound_0,1588
wound_1,1589
transplant_0,1590
transplant_1,1591
trace_0,1592
trace_1,1593
pole_0,1594
pole_1,1595
discrete_0,1596
discrete_1,1597
appreciated_0,1598
appreciated_1,1599
resistive_0,1600
resistive_1,1601
indices_0,1602
indices_1,1603
elevated_0,1604
elevated_1,1605
peak_0,1606
peak_1,1607
systolic_0,1608
systolic_1,1609
velocities_0,1610
velocities_1,1611
iliac_0,1612
iliac_1,1613
main_0,1614
main_1,1615
systemic_0,1616
systemic_1,1617
prominence_0,1618
prominence_1,1619
ng_0,1620
ng_1,1621
situ_0,1622
situ_1,1623
et_0,1624
et_1,1625
entrance_0,1626
entrance_1,1627
mainstem_0,1628
mainstem_1,1629
bronchus_0,1630
bronchus_1,1631
retracted_0,1632
retracted_1,1633
were_0,1634
were_1,1635
nurses_0,1636
nurses_1,1637
operating_0,1638
operating_1,1639
room_0,1640
room_1,1641
where_0,1642
where_1,1643
located_0,1644
located_1,1645
10_0,1646
10_1,1647
17_0,1648
17_1,1649
20with_0,1650
20with_1,1651
unintentional_0,1652
unintentional_1,1653
radiopaque_0,1654
radiopaque_1,1655
foreign_0,1656
foreign_1,1657
nurse_0,1658
nurse_1,1659
doolin_0,1660
doolin_1,1661
04_0,1662
04_1,1663
20at_0,1664
20at_1,1665
ileus_0,1666
ileus_1,1667
repositioning_0,1668
repositioning_1,1669
endotracheal_0,1670
endotracheal_1,1671
carina_0,1672
carina_1,1673
worsening_0,1674
worsening_1,1675
transcortical_0,1676
transcortical_1,1677
diffusion_0,1678
diffusion_1,1679
weighted_0,1680
weighted_1,1681
sensitive_0,1682
sensitive_1,1683
subtle_0,1684
subtle_1,1685
ischemia_0,1686
ischemia_1,1687
sphenoid_0,1688
sphenoid_1,1689
sinusitis_0,1690
sinusitis_1,1691
interstitial_0,1692
interstitial_1,1693
alveolar_0,1694
alveolar_1,1695
grossly_0,1696
grossly_1,1697
decrease_0,1698
decrease_1,1699
resolving_0,1700
resolving_1,1701
perihilar_0,1702
perihilar_1,1703
zone_0,1704
zone_1,1705
airspace_0,1706
airspace_1,1707
periaortic_0,1708
periaortic_1,1709
parahilar_0,1710
parahilar_1,1711
regions_0,1712
regions_1,1713
clearing_0,1714
clearing_1,1715
midlung_0,1716
midlung_1,1717
hiatal_0,1718
hiatal_1,1719
hernia_0,1720
hernia_1,1721
blunting_0,1722
blunting_1,1723
costophrenic_0,1724
costophrenic_1,1725
angle_0,1726
angle_1,1727
tracheostomy_0,1728
tracheostomy_1,1729
amount_0,1730
amount_1,1731
perinephric_0,1732
perinephric_1,1733
unremarkable_0,1734
unremarkable_1,1735
improving_0,1736
improving_1,1737
symmetric_0,1738
symmetric_1,1739
signal_0,1740
signal_1,1741
differential_0,1742
differential_1,1743
considerations_0,1744
considerations_1,1745
include_0,1746
include_1,1747
mineralization_0,1748
mineralization_1,1749
sequelae_0,1750
sequelae_1,1751
insufficiency_0,1752
insufficiency_1,1753
hyperalimentation_0,1754
hyperalimentation_1,1755
peripherally_0,1756
peripherally_1,1757
inserted_0,1758
inserted_1,1759
venous_0,1760
venous_1,1761
ready_0,1762
ready_1,1763
use_0,1764
use_1,1765
wire_0,1766
wire_1,1767
arm_0,1768
arm_1,1769
device_0,1770
device_1,1771
fluoroscopy_0,1772
fluoroscopy_1,1773
7_0,1774
7_1,1775
min_0,1776
min_1,1777
stent_0,1778
stent_1,1779
moderately_0,1780
moderately_1,1781
intrarenal_0,1782
intrarenal_1,1783
resolution_0,1784
resolution_1,1785
ureteral_0,1786
ureteral_1,1787
atn_0,1788
atn_1,1789
rejection_0,1790
rejection_1,1791
laboratory_0,1792
laboratory_1,1793
values_0,1794
values_1,1795
kidney_0,1796
kidney_1,1797
recommendation_0,1798
recommendation_1,1799
communicated_0,1800
communicated_1,1801
mankes_0,1802
mankes_1,1803
practitioner_0,1804
practitioner_1,1805
christie_0,1806
christie_1,1807
08_0,1808
08_1,1809
abnormally_0,1810
abnormally_1,1811
wide_0,1812
wide_1,1813
range_0,1814
range_1,1815
any_0,1816
any_1,1817
diastolic_0,1818
diastolic_1,1819
it_0,1820
it_1,1821
uncertain_0,1822
uncertain_1,1823
these_0,1824
these_1,1825
measurements_0,1826
measurements_1,1827
accurate_0,1828
accurate_1,1829
abnormal_0,1830
abnormal_1,1831
waveforms_0,1832
waveforms_1,1833
artifactual_0,1834
artifactual_1,1835
hemoperitoneum_0,1836
hemoperitoneum_1,1837
enveloping_0,1838
enveloping_1,1839
simple_0,1840
simple_1,1841
superiorly_0,1842
superiorly_1,1843
assess_0,1844
assess_1,1845
trajectory_0,1846
trajectory_1,1847
transplanted_0,1848
transplanted_1,1849
thin_0,1850
thin_1,1851
surrounding_0,1852
surrounding_1,1853
plane_0,1854
plane_1,1855
nephroureteral_0,1856
nephroureteral_1,1857
tubing_0,1858
tubing_1,1859
superolateral_0,1860
superolateral_1,1861
aspect_0,1862
aspect_1,1863
bladder_0,1864
bladder_1,1865
anasarca_0,1866
anasarca_1,1867
np_0,1868
np_1,1869
k_0,1870
k_1,1871
baker_0,1872
baker_1,1873
radiology_0,1874
radiology_1,1875
about_0,1876
about_1,1877
12_0,1878
12_1,1879
20via_0,1880
20via_1,1881
paracolic_0,1882
paracolic_1,1883
gutter_0,1884
gutter_1,1885
implies_0,1886
implies_1,1887
that_0,1888
that_1,1889
overly_0,1890
overly_1,1891
diffuse_0,1892
diffuse_1,1893
triple_0,1894
triple_1,1895
power_0,1896
power_1,1897
brachial_0,1898
brachial_1,1899
redemonstrated_0,1900
redemonstrated_1,1901
anteromedial_0,1902
anteromedial_1,1903
ranging_0,1904
ranging_1,1905
71_0,1906
71_1,1907
8this_0,1908
8this_1,1909
occurring_0,1910
occurring_1,1911
frequently_0,1912
frequently_1,1913
setting_0,1914
setting_1,1915
includes_0,1916
includes_1,1917
drug_0,1918
drug_1,1919
toxicity_0,1920
toxicity_1,1921
name_0,1922
name_1,1923
few_0,1924
few_1,1925
possibilities_0,1926
possibilities_1,1927
ventral_0,1928
ventral_1,1929
containing_0,1930
containing_1,1931
lingula_0,1932
lingula_1,1933
cardiophrenic_0,1934
cardiophrenic_1,1935
identified_0,1936
identified_1,1937
explain_0,1938
explain_1,1939
fever_0,1940
fever_1,1941
emesis_0,1942
emesis_1,1943
poor_0,1944
poor_1,1945
visualization_0,1946
visualization_1,1947
raising_0,1948
raising_1,1949
failure_0,1950
failure_1,1951
attenuation_0,1952
attenuation_1,1953
peritransplant_0,1954
peritransplant_1,1955
hernias_0,1956
hernias_1,1957
diminished_0,1958
diminished_1,1959
complex_0,1960
complex_1,1961
seroma_0,1962
seroma_1,1963
osteopenia_0,1964
osteopenia_1,1965
calcification_0,1966
calcification_1,1967
swelling_0,1968
swelling_1,1969
congestive_0,1970
congestive_1,1971
stool_0,1972
stool_1,1973
ascending_0,1974
ascending_1,1975
dislodgement_0,1976
dislodgement_1,1977
spillage_0,1978
spillage_1,1979
oral_0,1980
oral_1,1981
peritoneal_0,1982
peritoneal_1,1983
cavity_0,1984
cavity_1,1985
presumably_0,1986
presumably_1,1987
administered_0,1988
administered_1,1989
hydroureter_0,1990
hydroureter_1,1991
ureteropelvic_0,1992
ureteropelvic_1,1993
junction_0,1994
junction_1,1995
raised_0,1996
raised_1,1997
modest_0,1998
modest_1,1999
retrocardiac_0,2000
retrocardiac_1,2001
must_0,2002
must_1,2003
hypodensity_0,2004
hypodensity_1,2005
gray_0,2006
gray_1,2007
white_0,2008
white_1,2009
matter_0,2010
matter_1,2011
differentiation_0,2012
differentiation_1,2013
reversible_0,2014
reversible_1,2015
encephalopathy_0,2016
encephalopathy_1,2017
syndrome_0,2018
syndrome_1,2019
press_0,2020
press_1,2021
azygos_0,2022
azygos_1,2023
either_0,2024
either_1,2025
advancing_0,2026
advancing_1,2027
retracting_0,2028
retracting_1,2029
centimeters_0,2030
centimeters_1,2031
richa_0,2032
richa_1,2033
verma_0,2034
verma_1,2035
13hours_0,2036
13hours_1,2037
opacities_0,2038
opacities_1,2039
infectious_0,2040
infectious_1,2041
inflammatory_0,2042
inflammatory_1,2043
its_0,2044
its_1,2045
projected_0,2046
projected_1,2047
5_0,2048
5_1,2049
double_0,2050
double_1,2051
caliber_0,2052
caliber_1,2053
definitively_0,2054
definitively_1,2055
implicate_0,2056
implicate_1,2057
does_0,2058
does_1,2059
appear_0,2060
appear_1,2061
some_0,2062
some_1,2063
equivocal_0,2064
equivocal_1,2065
throughout_0,2066
throughout_1,2067
incomplete_0,2068
incomplete_1,2069
decubitus_0,2070
decubitus_1,2071
ulcer_0,2072
ulcer_1,2073
sacrococcygeal_0,2074
sacrococcygeal_1,2075
granulation_0,2076
granulation_1,2077
corresponding_0,2078
corresponding_1,2079
extending_0,2080
extending_1,2081
skin_0,2082
skin_1,2083
tissues_0,2084
tissues_1,2085
while_0,2086
while_1,2087
overt_0,2088
overt_1,2089
marrow_0,2090
marrow_1,2091
adequately_0,2092
adequately_1,2093
imaged_0,2094
imaged_1,2095
tolerate_0,2096
tolerate_1,2097
medicine_0,2098
medicine_1,2099
consultation_0,2100
consultation_1,2101
better_0,2102
better_1,2103
evaluate_0,2104
evaluate_1,2105
demonstrating_0,2106
demonstrating_1,2107
probable_0,2108
probable_1,2109
just_0,2110
just_1,2111
echogenic_0,2112
echogenic_1,2113
anastomotic_0,2114
anastomotic_1,2115
echoes_0,2116
echoes_1,2117
debris_0,2118
debris_1,2119
material_0,2120
material_1,2121
infection_0,2122
infection_1,2123
urinalysis_0,2124
urinalysis_1,2125
urine_0,2126
urine_1,2127
culture_0,2128
culture_1,2129
lymphocele_0,2130
lymphocele_1,2131
scarring_0,2132
scarring_1,2133
along_0,2134
along_1,2135
dorsum_0,2136
dorsum_1,2137
hand_0,2138
hand_1,2139
fingers_0,2140
fingers_1,2141
metacarpals_0,2142
metacarpals_1,2143
dorsally_0,2144
dorsally_1,2145
directed_0,2146
directed_1,2147
limitations_0,2148
limitations_1,2149
calcifications_0,2150
calcifications_1,2151
healed_0,2152
healed_1,2153
rib_0,2154
rib_1,2155
fractures_0,2156
fractures_1,2157
regadenoson_0,2158
regadenoson_1,2159
technetium_0,2160
technetium_1,2161
9sestamibi_0,2162
9sestamibi_1,2163
perfusion_0,2164
perfusion_1,2165
scintigraphy_0,2166
scintigraphy_1,2167
myocardial_0,2168
myocardial_1,2169
inferolateral_0,2170
inferolateral_1,2171
hemodynamic_0,2172
hemodynamic_1,2173
response_0,2174
response_1,2175
electrocardiographic_0,2176
electrocardiographic_1,2177
st_0,2178
st_1,2179
after_0,2180
after_1,2181
administration_0,2182
administration_1,2183
stress_0,2184
stress_1,2185
gated_0,2186
gated_1,2187
cardiac_0,2188
cardiac_1,2189
images_0,2190
images_1,2191
revealed_0,2192
revealed_1,2193
global_0,2194
global_1,2195
hypokinesis_0,2196
hypokinesis_1,2197
calculated_0,2198
calculated_1,2199
ventricular_0,2200
ventricular_1,2201
ejection_0,2202
ejection_1,2203
fraction_0,2204
fraction_1,2205
46_0,2206
46_1,2207
moin_0,2208
moin_1,2209
cardiology_0,2210
cardiology_1,2211
consult_0,2212
consult_1,2213
fellow_0,2214
fellow_1,2215
notified_0,2216
notified_1,2217
test_0,2218
test_1,2219
results_0,2220
results_1,2221
supervised_0,2222
supervised_1,2223
noelle_0,2224
noelle_1,2225
mann_0,2226
mann_1,2227
interpreted_0,2228
interpreted_1,2229
franceschi_0,2230
franceschi_1,2231
personally_0,2232
personally_1,2233
services_0,2234
services_1,2235
attending_0,2236
attending_1,2237
cardiologist_0,2238
cardiologist_1,2239
ordered_0,2240
ordered_1,2241
stamoran_0,2242
stamoran_1,2243
vladimir_0,2244
vladimir_1,2245
order_0,2246
order_1,2247
december_0,2248
december_1,2249
1204_0,2250
1204_1,2251
initiation_0,2252
initiation_1,2253
209_0,2254
209_1,2255
am_0,2256
am_1,2257
12012_0,2258
12012_1,2259
encounter_0,2260
encounter_1,2261
number_0,2262
number_1,2263
010090715110_0,2264
010090715110_1,2265
accession_0,2266
accession_1,2267
6514033_0,2268
6514033_1,2269
reviewed_0,2270
reviewed_1,2271
electronically_0,2272
electronically_1,2273
signed_0,2274
signed_1,2275
stony_0,2276
stony_1,2277
brook_0,2278
brook_1,2279
university_0,2280
university_1,2281
hospital_0,2282
hospital_1,2283
department_0,2284
department_1,2285
ny_0,2286
ny_1,2287
11794_0,2288
11794_1,2289
7300_0,2290
7300_1,2291
10090715110_0,2292
10090715110_1,2293
206_0,2294
206_1,2295
51_0,2296
51_1,2297
ap_0,2298
ap_1,2299
rule_0,2300
rule_1,2301
comparison_0,2302
comparison_1,2303
21_0,2304
21_1,2305
silhouette_0,2306
silhouette_1,2307
enlarged_0,2308
enlarged_1,2309
aorta_0,2310
aorta_1,2311
uncoiled_0,2312
uncoiled_1,2313
vessels_0,2314
vessels_1,2315
acromioclavicular_0,2316
acromioclavicular_1,2317
plain_0,2318
plain_1,2319
disuse_0,2320
disuse_1,2321
amputations_0,2322
amputations_1,2323
modality_0,2324
modality_1,2325
choice_0,2326
choice_1,2327
amputation_0,2328
amputation_1,2329
phalanges_0,2330
phalanges_1,2331
plantar_0,2332
plantar_1,2333
surface_0,2334
surface_1,2335
partially_0,2336
partially_1,2337
hypo_0,2338
hypo_1,2339
attenuating_0,2340
attenuating_1,2341
enhancing_0,2342
enhancing_1,2343
foot_0,2344
foot_1,2345
cuboid_0,2346
cuboid_1,2347
edematous_0,2348
edematous_1,2349
formation_0,2350
formation_1,2351
superficial_0,2352
superficial_1,2353
ulceration_0,2354
ulceration_1,2355
collapse_0,2356
collapse_1,2357
arch_0,2358
arch_1,2359
neuropathic_0,2360
neuropathic_1,2361
arthropathy_0,2362
arthropathy_1,2363
toe_0,2364
toe_1,2365
defined_0,2366
defined_1,2367
part_0,2368
part_1,2369
least_0,2370
least_1,2371
phase_0,2372
phase_1,2373
teng_0,2374
teng_1,2375
twinkle_0,2376
twinkle_1,2377
dhawan_0,2378
dhawan_1,2379
27_0,2380
27_1,2381
both_0,2382
both_1,2383
before_0,2384
before_1,2385
gadolinium_0,2386
gadolinium_1,2387
end_0,2388
end_1,2389
stage_0,2390
stage_1,2391
charcot_0,2392
charcot_1,2393
midfoot_0,2394
midfoot_1,2395
extends_0,2396
extends_1,2397
severely_0,2398
severely_1,2399
fascia_0,2400
fascia_1,2401
abuts_0,2402
abuts_1,2403
erosive_0,2404
erosive_1,2405
early_0,2406
early_1,2407
fistulous_0,2408
fistulous_1,2409
deep_0,2410
deep_1,2411
suspicious_0,2412
suspicious_1,2413
septic_0,2414
septic_1,2415
arthritis_0,2416
arthritis_1,2417
seeding_0,2418
seeding_1,2419
disorganized_0,2420
disorganized_1,2421
dlp_0,2422
dlp_1,2423
2mgy_0,2424
2mgy_1,2425
cavoatrial_0,2426
cavoatrial_1,2427
atrial_0,2428
atrial_1,2429
caval_0,2430
caval_1,2431
1st_0,2432
1st_1,2433
impregnated_0,2434
impregnated_1,2435
beads_0,2436
beads_1,2437
asymmetry_0,2438
asymmetry_1,2439
3rd_0,2440
3rd_1,2441
pip_0,2442
pip_1,2443
resection_0,2444
resection_1,2445
arthroplasty_0,2446
arthroplasty_1,2447
significance_0,2448
significance_1,2449
unable_0,2450
unable_1,2451
complete_0,2452
complete_1,2453
metatarsal_0,2454
metatarsal_1,2455
site_0,2456
site_1,2457
postsurgical_0,2458
postsurgical_1,2459
suboptimal_0,2460
suboptimal_1,2461
pet_0,2462
pet_1,2463
serpiginous_0,2464
serpiginous_1,2465
extend_0,2466
extend_1,2467
communicating_0,2468
communicating_1,2469
draining_0,2470
draining_1,2471
subchondral_0,2472
subchondral_1,2473
shaft_0,2474
shaft_1,2475
postcontrast_0,2476
postcontrast_1,2477
reactive_0,2478
reactive_1,2479
phalangeal_0,2480
phalangeal_1,2481
articulation_0,2482
articulation_1,2483
projecting_0,2484
projecting_1,2485
dorsal_0,2486
dorsal_1,2487
favored_0,2488
favored_1,2489
verbally_0,2490
verbally_1,2491
conference_0,2492
conference_1,2493
verification_0,2494
verification_1,2495
r_0,2496
r_1,2497
shah_0,2498
shah_1,2499
claire_0,2500
claire_1,2501
calvarial_0,2502
calvarial_1,2503
forehead_0,2504
forehead_1,2505
subluxation_0,2506
subluxation_1,2507
contiguous_0,2508
contiguous_1,2509
contusion_0,2510
contusion_1,2511
abdominopelvic_0,2512
abdominopelvic_1,2513
visceral_0,2514
visceral_1,2515
previously_0,2516
previously_1,2517
see_0,2518
see_1,2519
metallic_0,2520
metallic_1,2521
vague_0,2522
vague_1,2523
hemipelvis_0,2524
hemipelvis_1,2525
swallowed_0,2526
swallowed_1,2527
tooth_0,2528
tooth_1,2529
rapidity_0,2530
rapidity_1,2531
onset_0,2532
onset_1,2533
conceivably_0,2534
conceivably_1,2535
i_0,2536
i_1,2537
do_0,2538
do_1,2539
appreciate_0,2540
appreciate_1,2541
frank_0,2542
frank_1,2543
differences_0,2544
differences_1,2545
pericardial_0,2546
pericardial_1,2547
echocardiogram_0,2548
echocardiogram_1,2549
suggested_0,2550
suggested_1,2551
radiography_0,2552
radiography_1,2553
elevation_0,2554
elevation_1,2555
hemidiaphragm_0,2556
hemidiaphragm_1,2557
dense_0,2558
dense_1,2559
calculi_0,2560
calculi_1,2561
near_0,2562
near_1,2563
ground_0,2564
ground_1,2565
glass_0,2566
glass_1,2567
bronchomalacia_0,2568
bronchomalacia_1,2569
bronchitis_0,2570
bronchitis_1,2571
diffusely_0,2572
diffusely_1,2573
coalescent_0,2574
coalescent_1,2575
serratus_0,2576
serratus_1,2577
biapical_0,2578
biapical_1,2579
centrilobular_0,2580
centrilobular_1,2581
emphysema_0,2582
emphysema_1,2583
warrants_0,2584
warrants_1,2585
months_0,2586
months_1,2587
dose_0,2588
dose_1,2589
current_0,2590
current_1,2591
representing_0,2592
representing_1,2593
hazy_0,2594
hazy_1,2595
high_0,2596
high_1,2597
tunneled_0,2598
tunneled_1,2599
dialysis_0,2600
dialysis_1,2601
type_0,2602
type_1,2603
placed_0,2604
placed_1,2605
15_0,2606
15_1,2607
length_0,2608
length_1,2609
bore_0,2610
bore_1,2611
hemodialysis_0,2612
hemodialysis_1,2613
indwelling_0,2614
indwelling_1,2615
quentin_0,2616
quentin_1,2617
entirety_0,2618
entirety_1,2619
vena_0,2620
vena_1,2621
cava_0,2622
cava_1,2623
sigmoid_0,2624
sigmoid_1,2625
raises_0,2626
raises_1,2627
volvulus_0,2628
volvulus_1,2629
constipation_0,2630
constipation_1,2631
bursitis_0,2632
bursitis_1,2633
patchy_0,2634
patchy_1,2635
emphysematous_0,2636
emphysematous_1,2637
nodular_0,2638
nodular_1,2639
apex_0,2640
apex_1,2641
retroareolar_0,2642
retroareolar_1,2643
breast_0,2644
breast_1,2645
glandular_0,2646
glandular_1,2647
mammogram_0,2648
mammogram_1,2649
processes_0,2650
processes_1,2651
supraspinatus_0,2652
supraspinatus_1,2653
calcific_0,2654
calcific_1,2655
tendinopathy_0,2656
tendinopathy_1,2657
fecal_0,2658
fecal_1,2659
loading_0,2660
loading_1,2661
entire_0,2662
entire_1,2663
201heterogeneous_0,2664
201heterogeneous_1,2665
enlargement_0,2666
enlargement_1,2667
psoas_0,2668
psoas_1,2669
muscle_0,2670
muscle_1,2671
vs_0,2672
vs_1,2673
enhanced_0,2674
enhanced_1,2675
undergone_0,2676
undergone_1,2677
arterial_0,2678
arterial_1,2679
iv_0,2680
iv_1,2681
week_0,2682
week_1,2683
paramedian_0,2684
paramedian_1,2685
beneficial_0,2686
beneficial_1,2687
bronchograms_0,2688
bronchograms_1,2689
pneumonitis_0,2690
pneumonitis_1,2691
pericolonic_0,2692
pericolonic_1,2693
stranding_0,2694
stranding_1,2695
coagulopathy_0,2696
coagulopathy_1,2697
overlies_0,2698
overlies_1,2699
atrium_0,2700
atrium_1,2701
withdrawal_0,2702
withdrawal_1,2703
advancement_0,2704
advancement_1,2705
8_0,2706
8_1,2707
overload_0,2708
overload_1,2709
weiss_0,2710
weiss_1,2711
repositioned_0,2712
repositioned_1,2713
worsened_0,2714
worsened_1,2715
endometrial_0,2716
endometrial_1,2717
canal_0,2718
canal_1,2719
menstrual_0,2720
menstrual_1,2721
pelvic_0,2722
pelvic_1,2723
allowing_0,2724
allowing_1,2725
volumes_0,2726
volumes_1,2727
liters_0,2728
liters_1,2729
photopenic_0,2730
photopenic_1,2731
review_0,2732
review_1,2733
resting_0,2734
resting_1,2735
sets_0,2736
sets_1,2737
rotational_0,2738
rotational_1,2739
excursion_0,2740
excursion_1,2741
67_0,2742
67_1,2743
jordan_0,2744
jordan_1,2745
katz_0,2746
katz_1,2747
dinko_0,2748
dinko_1,2749
abbene_0,2750
abbene_1,2751
dea_0,2752
dea_1,2753
january_0,2754
january_1,2755
1205_0,2756
1205_1,2757
22011_0,2758
22011_1,2759
2201_0,2760
2201_1,2761
010095069224_0,2762
010095069224_1,2763
6556318_0,2764
6556318_1,2765
2204_0,2766
2204_1,2767
10095069224_0,2768
10095069224_1,2769
2012_0,2770
2012_1,2771
25_0,2772
25_1,2773
subphren_0,2774
subphren_1,2775
sp_0,2776
sp_1,2777
ascite_0,2778
ascite_1,2779
subphrenic_0,2780
subphrenic_1,2781
recurrent_0,2782
recurrent_1,2783
scale_0,2784
scale_1,2785
quadrants_0,2786
quadrants_1,2787
viscera_0,2788
viscera_1,2789
fossa_0,2790
fossa_1,2791
arachnoid_0,2792
arachnoid_1,2793
kidneys_0,2794
kidneys_1,2795
been_0,2796
been_1,2797
show_0,2798
show_1,2799
severity_0,2800
severity_1,2801
thickness_0,2802
thickness_1,2803
apical_0,2804
apical_1,2805
35_0,2806
35_1,2807
team_0,2808
team_1,2809
abdullah_0,2810
abdullah_1,2811
robert_0,2812
robert_1,2813
1203_0,2814
1203_1,2815
1209_0,2816
1209_1,2817
12011_0,2818
12011_1,2819
010095110994_0,2820
010095110994_1,2821
6554499_0,2822
6554499_1,2823
10095110994_0,2824
10095110994_1,2825
19_0,2826
19_1,2827
31_0,2828
31_1,2829
myo_0,2830
myo_1,2831
perf_0,2832
perf_1,2833
spect_0,2834
spect_1,2835
multi_0,2836
multi_1,2837
w_0,2838
w_1,2839
ej_0,2840
ej_1,2841
refer_0,2842
refer_1,2843
combined_0,2844
combined_1,2845
impression_0,2846
impression_1,2847
t2_0,2848
t2_1,2849
hyperintense_0,2850
hyperintense_1,2851
epidural_0,2852
epidural_1,2853
spinal_0,2854
spinal_1,2855
t7_0,2856
t7_1,2857
tlevels_0,2858
tlevels_1,2859
linearly_0,2860
linearly_1,2861
bodies_0,2862
bodies_1,2863
tt1t1and_0,2864
tt1t1and_1,2865
endplate_0,2866
endplate_1,2867
twithout_0,2868
twithout_1,2869
appreciable_0,2870
appreciable_1,2871
rim_0,2872
rim_1,2873
collections_0,2874
collections_1,2875
phlegmon_0,2876
phlegmon_1,2877
prevertebral_0,2878
prevertebral_1,2879
phlegmonous_0,2880
phlegmonous_1,2881
t9_0,2882
t9_1,2883
tcompression_0,2884
tcompression_1,2885
deformity_0,2886
deformity_1,2887
retropulsion_0,2888
retropulsion_1,2889
twith_0,2890
twith_1,2891
cord_0,2892
cord_1,2893
intramedullary_0,2894
intramedullary_1,2895
neurosurgical_0,2896
neurosurgical_1,2897
tburst_0,2898
tburst_1,2899
destruction_0,2900
destruction_1,2901
tvertebral_0,2902
tvertebral_1,2903
causing_0,2904
causing_1,2905
details_0,2906
details_1,2907
schmorl_0,2908
schmorl_1,2909
vertebrae_0,2910
vertebrae_1,2911
core_0,2912
core_1,2913
biopsies_0,2914
biopsies_1,2915
leg_0,2916
leg_1,2917
cellulitis_0,2918
cellulitis_1,2919
sylvian_0,2920
sylvian_1,2921
fissures_0,2922
fissures_1,2923
cingulate_0,2924
cingulate_1,2925
proportion_0,2926
proportion_1,2927
osteoarthritis_0,2928
osteoarthritis_1,2929
suprapatellar_0,2930
suprapatellar_1,2931
intra_0,2932
intra_1,2933
articular_0,2934
articular_1,2935
compartment_0,2936
compartment_1,2937
tibial_0,2938
tibial_1,2939
translation_0,2940
translation_1,2941
displaced_0,2942
displaced_1,2943
osseous_0,2944
osseous_1,2945
lytic_0,2946
lytic_1,2947
femoral_0,2948
femoral_1,2949
patellofemoral_0,2950
patellofemoral_1,2951
compartments_0,2952
compartments_1,2953
contact_0,2954
contact_1,2955
fatty_0,2956
fatty_1,2957
semimembranosus_0,2958
semimembranosus_1,2959
peroneal_0,2960
peroneal_1,2961
muscles_0,2962
muscles_1,2963
popliteal_0,2964
popliteal_1,2965
terminal_0,2966
terminal_1,2967
tuft_0,2968
tuft_1,2969
fragmentation_0,2970
fragmentation_1,2971
phalanx_0,2972
phalanx_1,2973
millimeter_0,2974
millimeter_1,2975
focus_0,2976
focus_1,2977
characterization_0,2978
characterization_1,2979
localized_0,2980
localized_1,2981
tiny_0,2982
tiny_1,2983
aponeurosis_0,2984
aponeurosis_1,2985
fibromatosis_0,2986
fibromatosis_1,2987
musculature_0,2988
musculature_1,2989
basis_0,2990
basis_1,2991
diabetes_0,2992
diabetes_1,2993
pancreatitis_0,2994
pancreatitis_1,2995
nondisplaced_0,2996
nondisplaced_1,2997
trochanter_0,2998
trochanter_1,2999
intertrochanteric_0,3000
intertrochanteric_1,3001
minimally_0,3002
minimally_1,3003
impacted_0,3004
impacted_1,3005
extent_0,3006
extent_1,3007
hip_0,3008
hip_1,3009
dynamic_0,3010
dynamic_1,3011
screw_0,3012
screw_1,3013
nail_0,3014
nail_1,3015
femur_0,3016
femur_1,3017
intraparenchymal_0,3018
intraparenchymal_1,3019
predominance_0,3020
predominance_1,3021
scattered_0,3022
scattered_1,3023
subpleural_0,3024
subpleural_1,3025
re_0,3026
re_1,3027
port_0,3028
port_1,3029
satisfactory_0,3030
satisfactory_1,3031
subdural_0,3032
subdural_1,3033
width_0,3034
width_1,3035
hydrocephalus_0,3036
hydrocephalus_1,3037
leibner_0,3038
leibner_1,3039
mixed_0,3040
mixed_1,3041
cholecystostomy_0,3042
cholecystostomy_1,3043
drain_0,3044
drain_1,3045
thickened_0,3046
thickened_1,3047
contraction_0,3048
contraction_1,3049
septated_0,3050
septated_1,3051
lobulated_0,3052
lobulated_1,3053
parapelvic_0,3054
parapelvic_1,3055
changed_0,3056
changed_1,3057
advise_0,3058
advise_1,3059
protocol_0,3060
protocol_1,3061
septae_0,3062
septae_1,3063
iso_0,3064
iso_1,3065
thinner_0,3066
thinner_1,3067
occlusion_0,3068
occlusion_1,3069
convexity_0,3070
convexity_1,3071
fluoroscopically_0,3072
fluoroscopically_1,3073
pachymeninges_0,3074
pachymeninges_1,3075
lymphomatous_0,3076
lymphomatous_1,3077
involvement_0,3078
involvement_1,3079
leptomeningeal_0,3080
leptomeningeal_1,3081
embolus_0,3082
embolus_1,3083
dependent_0,3084
dependent_1,3085
bronchial_0,3086
bronchial_1,3087
official_0,3088
official_1,3089
speech_0,3090
speech_1,3091
recommendations_0,3092
recommendations_1,3093
restrictions_0,3094
restrictions_1,3095
postoperative_0,3096
postoperative_1,3097
emboli_0,3098
emboli_1,3099
their_0,3100
their_1,3101
branches_0,3102
branches_1,3103
consisting_0,3104
consisting_1,3105
clot_0,3106
clot_1,3107
burden_0,3108
burden_1,3109
strain_0,3110
strain_1,3111
backflow_0,3112
backflow_1,3113
ivc_0,3114
ivc_1,3115
particular_0,3116
particular_1,3117
gentile_0,3118
gentile_1,3119
chf_0,3120
chf_1,3121
decompensation_0,3122
decompensation_1,3123
fullness_0,3124
fullness_1,3125
collecting_0,3126
collecting_1,3127
last_0,3128
last_1,3129
ge_0,3130
ge_1,3131
heterogenous_0,3132
heterogenous_1,3133
blood_0,3134
blood_1,3135
thrombus_0,3136
thrombus_1,3137
urinary_0,3138
urinary_1,3139
encasing_0,3140
encasing_1,3141
foley_0,3142
foley_1,3143
balloon_0,3144
balloon_1,3145
rittenberg_0,3146
rittenberg_1,3147
kermani_0,3148
kermani_1,3149
bleeding_0,3150
bleeding_1,3151
inflow_0,3152
inflow_1,3153
poorly_0,3154
poorly_1,3155
functioning_0,3156
functioning_1,3157
adler_0,3158
adler_1,3159
urology_0,3160
urology_1,3161
procedure_0,3162
procedure_1,3163
impressions_0,3164
impressions_1,3165
abe_0,3166
abe_1,3167
d_0,3168
d_1,3169
amato_0,3170
amato_1,3171
13_0,3172
13_1,3173
subcapsular_0,3174
subcapsular_1,3175
perirenal_0,3176
perirenal_1,3177
space_0,3178
space_1,3179
smestad_0,3180
smestad_1,3181
09_0,3182
09_1,3183
pigtail_0,3184
pigtail_1,3185
ureter_0,3186
ureter_1,3187
absent_0,3188
absent_1,3189
nephrectomy_0,3190
nephrectomy_1,3191
hemicolectomy_0,3192
hemicolectomy_1,3193
degree_0,3194
degree_1,3195
parapneumonic_0,3196
parapneumonic_1,3197
conversion_0,3198
conversion_1,3199
bubble_0,3200
bubble_1,3201
degradation_0,3202
degradation_1,3203
lacunae_0,3204
lacunae_1,3205
nodularity_0,3206
nodularity_1,3207
clips_0,3208
clips_1,3209
neoplasm_0,3210
neoplasm_1,3211
densities_0,3212
densities_1,3213
rectus_0,3214
rectus_1,3215
nodules_0,3216
nodules_1,3217
tumor_0,3218
tumor_1,3219
implants_0,3220
implants_1,3221
hypodense_0,3222
hypodense_1,3223
lesions_0,3224
lesions_1,3225
metastases_0,3226
metastases_1,3227
iwithout_0,3228
iwithout_1,3229
apices_0,3230
apices_1,3231
resolved_0,3232
resolved_1,3233
locking_0,3234
locking_1,3235
multipurpose_0,3236
multipurpose_1,3237
drainage_0,3238
drainage_1,3239
bed_0,3240
bed_1,3241
liquefying_0,3242
liquefying_1,3243
nonpurulent_0,3244
nonpurulent_1,3245
percutaneous_0,3246
percutaneous_1,3247
except_0,3248
except_1,3249
enlarging_0,3250
enlarging_1,3251
deposits_0,3252
deposits_1,3253
progression_0,3254
progression_1,3255
earlier_0,3256
earlier_1,3257
sidewall_0,3258
sidewall_1,3259
another_0,3260
another_1,3261
deposit_0,3262
deposit_1,3263
upsizing_0,3264
upsizing_1,3265
existing_0,3266
existing_1,3267
retroperitoneal_0,3268
retroperitoneal_1,3269
osteitis_0,3270
osteitis_1,3271
toes_0,3272
toes_1,3273
inferoseptal_0,3274
inferoseptal_1,3275
defects_0,3276
defects_1,3277
hypotensive_0,3278
hypotensive_1,3279
pressure_0,3280
pressure_1,3281
59_0,3282
59_1,3283
addendum_0,3284
addendum_1,3285
alice_0,3286
alice_1,3287
greene_0,3288
greene_1,3289
granati_0,3290
granati_1,3291
glen_0,3292
glen_1,3293
010095312574_0,3294
010095312574_1,3295
6544198_0,3296
6544198_1,3297
10095312574_0,3298
10095312574_1,3299
2010_0,3300
2010_1,3301
05_0,3302
05_1,3303
wo_0,3304
wo_1,3305
digit_0,3306
digit_1,3307
dry_0,3308
dry_1,3309
gangrene_0,3310
gangrene_1,3311
multiplanar_0,3312
multiplanar_1,3313
multisequence_0,3314
multisequence_1,3315
pre_0,3316
pre_1,3317
ml_0,3318
ml_1,3319
magnevist_0,3320
magnevist_1,3321
heads_0,3322
heads_1,3323
felt_0,3324
felt_1,3325
nature_0,3326
nature_1,3327
bones_0,3328
bones_1,3329
maintain_0,3330
maintain_1,3331
4th_0,3332
4th_1,3333
sagittal_0,3334
sagittal_1,3335
ankylosis_0,3336
ankylosis_1,3337
dip_0,3338
dip_1,3339
hammertoe_0,3340
hammertoe_1,3341
great_0,3342
great_1,3343
held_0,3344
held_1,3345
degeneration_0,3346
degeneration_1,3347
plate_0,3348
plate_1,3349
mtp_0,3350
mtp_1,3351
intrinsic_0,3352
intrinsic_1,3353
diabetic_0,3354
diabetic_1,3355
myopathy_0,3356
myopathy_1,3357
physical_0,3358
physical_1,3359
relative_0,3360
relative_1,3361
aspects_0,3362
aspects_1,3363
keeping_0,3364
keeping_1,3365
web_0,3366
web_1,3367
1and_0,3368
1and_1,3369
1compatible_0,3370
1compatible_1,3371
intermetatarsal_0,3372
intermetatarsal_1,3373
morton_0,3374
morton_1,3375
neuroma_0,3376
neuroma_1,3377
cystic_0,3378
cystic_1,3379
sesamoid_0,3380
sesamoid_1,3381
lisfranc_0,3382
lisfranc_1,3383
ligament_0,3384
ligament_1,3385
intact_0,3386
intact_1,3387
spaces_0,3388
spaces_1,3389
forefoot_0,3390
forefoot_1,3391
weak_0,3392
weak_1,3393
inspiration_0,3394
inspiration_1,3395
facial_0,3396
facial_1,3397
occupying_0,3398
occupying_1,3399
radiation_0,3400
radiation_1,3401
listhesis_0,3402
listhesis_1,3403
metastatic_0,3404
metastatic_1,3405
aneurysmal_0,3406
aneurysmal_1,3407
adenopathy_0,3408
adenopathy_1,3409
prostate_0,3410
prostate_1,3411
psa_0,3412
psa_1,3413
levels_0,3414
levels_1,3415
calculus_0,3416
calculus_1,3417
urachal_0,3418
urachal_1,3419
diverticulum_0,3420
diverticulum_1,3421
cysts_0,3422
cysts_1,3423
bun_0,3424
bun_1,3425
creatinine_0,3426
creatinine_1,3427
isoechoic_0,3428
isoechoic_1,3429
uti_0,3430
uti_1,3431
subcentimeter_0,3432
subcentimeter_1,3433
hypodensities_0,3434
hypodensities_1,3435
too_0,3436
too_1,3437
characterize_0,3438
characterize_1,3439
urothelial_0,3440
urothelial_1,3441
transrectal_0,3442
transrectal_1,3443
distension_0,3444
distension_1,3445
outlet_0,3446
outlet_1,3447
descending_0,3448
descending_1,3449
tortuosity_0,3450
tortuosity_1,3451
sizable_0,3452
sizable_1,3453
ac_0,3454
ac_1,3455
masslike_0,3456
masslike_1,3457
centered_0,3458
centered_1,3459
brachium_0,3460
brachium_1,3461
pontis_0,3462
pontis_1,3463
pons_0,3464
pons_1,3465
medulla_0,3466
medulla_1,3467
trigeminal_0,3468
trigeminal_1,3469
nerve_0,3470
nerve_1,3471
root_0,3472
root_1,3473
entry_0,3474
entry_1,3475
nonenhancing_0,3476
nonenhancing_1,3477
supratentorial_0,3478
supratentorial_1,3479
infratentorial_0,3480
infratentorial_1,3481
primary_0,3482
primary_1,3483
tumefactive_0,3484
tumefactive_1,3485
demyelination_0,3486
demyelination_1,3487
alternatively_0,3488
alternatively_1,3489
cns_0,3490
cns_1,3491
auditory_0,3492
auditory_1,3493
vestibular_0,3494
vestibular_1,3495
schwannoma_0,3496
schwannoma_1,3497
csf_0,3498
csf_1,3499
dural_0,3500
dural_1,3501
based_0,3502
based_1,3503
meningioma_0,3504
meningioma_1,3505
neurology_0,3506
neurology_1,3507
harth_0,3508
harth_1,3509
characteristics_0,3510
characteristics_1,3511
spectroscopy_0,3512
spectroscopy_1,3513
rather_0,3514
rather_1,3515
multilevel_0,3516
multilevel_1,3517
disc_0,3518
disc_1,3519
remote_0,3520
remote_1,3521
diverticulitis_0,3522
diverticulitis_1,3523
adhesions_0,3524
adhesions_1,3525
tracts_0,3526
tracts_1,3527
perianal_0,3528
perianal_1,3529
pacemaker_0,3530
pacemaker_1,3531
inspiratory_0,3532
inspiratory_1,3533
effort_0,3534
effort_1,3535
thinning_0,3536
thinning_1,3537
note_0,3538
note_1,3539
masses_0,3540
masses_1,3541
sludge_0,3542
sludge_1,3543
unintended_0,3544
unintended_1,3545
alignment_0,3546
alignment_1,3547
maintained_0,3548
maintained_1,3549
alignments_0,3550
alignments_1,3551
minor_0,3552
minor_1,3553
testicular_0,3554
testicular_1,3555
torsion_0,3556
torsion_1,3557
epididymitis_0,3558
epididymitis_1,3559
varicocele_0,3560
varicocele_1,3561
intratesticular_0,3562
intratesticular_1,3563
side_0,3564
side_1,3565
hydrocele_0,3566
hydrocele_1,3567
microcalcifications_0,3568
microcalcifications_1,3569
microlithiasis_0,3570
microlithiasis_1,3571
postinflammatory_0,3572
postinflammatory_1,3573
exposure_0,3574
exposure_1,3575
structures_0,3576
structures_1,3577
including_0,3578
including_1,3579
tendons_0,3580
tendons_1,3581
exaggerated_0,3582
exaggerated_1,3583
clearly_0,3584
clearly_1,3585
evident_0,3586
evident_1,3587
beginning_0,3588
beginning_1,3589
hallux_0,3590
hallux_1,3591
valgus_0,3592
valgus_1,3593
defect_0,3594
defect_1,3595
cvad_0,3596
cvad_1,3597
rebound_0,3598
rebound_1,3599
thymus_0,3600
thymus_1,3601
mediastinum_0,3602
mediastinum_1,3603
bartholin_0,3604
bartholin_1,3605
physiologic_0,3606
physiologic_1,3607
gastroparesis_0,3608
gastroparesis_1,3609
accelerated_0,3610
accelerated_1,3611
emptying_0,3612
emptying_1,3613
hour_0,3614
hour_1,3615
point_0,3616
point_1,3617
external_0,3618
external_1,3619
capsule_0,3620
capsule_1,3621
gaseous_0,3622
gaseous_1,3623
sigmoidectomy_0,3624
sigmoidectomy_1,3625
diverting_0,3626
diverting_1,3627
ileostomy_0,3628
ileostomy_1,3629
hartmann_0,3630
hartmann_1,3631
pouch_0,3632
pouch_1,3633
colostomy_0,3634
colostomy_1,3635
stercoral_0,3636
stercoral_1,3637
colonoscopy_0,3638
colonoscopy_1,3639
esophagitis_0,3640
esophagitis_1,3641
nonemergent_0,3642
nonemergent_1,3643
nonobstructing_0,3644
nonobstructing_1,3645
film_0,3646
film_1,3647
filled_0,3648
filled_1,3649
10fr_0,3650
10fr_1,3651
sigmoidostomy_0,3652
sigmoidostomy_1,3653
featureless_0,3654
featureless_1,3655
fundus_0,3656
fundus_1,3657
gastroview_0,3658
gastroview_1,3659
injection_0,3660
injection_1,3661
inflated_0,3662
inflated_1,3663
inguinal_0,3664
inguinal_1,3665
hydroureteronephrosis_0,3666
hydroureteronephrosis_1,3667
completely_0,3668
completely_1,3669
collapsed_0,3670
collapsed_1,3671
prostatic_0,3672
prostatic_1,3673
urethra_0,3674
urethra_1,3675
instrumentation_0,3676
instrumentation_1,3677
cystoscopy_0,3678
cystoscopy_1,3679
proctitis_0,3680
proctitis_1,3681
